page_name,day,shares,gdppc,region
momo購物網,27,70,1709.50812446534,l
全家FamilyMart,26,26,5966.03602904957,ms
udn買東西,28,34,6280.99463624316,ms
台灣之星,21,10,26207.6874532862,xs
HITO本舖-網拍潮男店,21,18,1776.89282453484,s
86小舖商城,22,83,5099.09217996094,l
GoHappy快樂購物網,23,57,1789.36129264033,m
經濟部,25,96,2744.83233934761,xl
資策會,24,56,1512.4885492,m

